collector_number,casting_name,name,release_year,series,series_type,series_number,toy_number,barcode,primary_color,secondary_color,manufacturer,category,scale,packaging_type,country_of_manufacture,description,image_url
001/250,Mazda Autozam,Mazda Autozam,2024,HW Dream Garage,Mainline,3/5,HRY51,,,,Mazda,HW Dream Garage,1:64,Long Card,,,https://static.wikia.nocookie.net/hotwheels/images/4/4d/TexasToot.jpg/revision/latest
002/250,Batmobile,Batmobile,2024,Batman,Mainline,1/5,HTB21,,,,DC Comics,Batman,1:64,Long Card,,,https://static.wikia.nocookie.net/hotwheels/images/2/2e/HTB21-LOOSE.jpg/revision/latest
003/250,Monster High Ghoul Mobile,Monster High Ghoul Mobile,2024,HW Screen Time,Mainline,1/10,HRY45,,,,Hot Wheels,HW Screen Time,1:64,Long Card,,,https://static.wikia.nocookie.net/hotwheels/images/c/c4/GhoulMobile.jpg/revision/latest
004/250,U.S.S. Enterprise NCC-1701,U.S.S. Enterprise NCC-1701,2024,HW Screen Time,Mainline,2/10,HTB32,,,,Hot Wheels,HW Screen Time,1:64,Long Card,,,https://static.wikia.nocookie.net/hotwheels/images/8/8a/2024-004_HTB32_USS_ENTERPRISE_open-1.jpg/revision/latest
005/250,Hot Wheels High,Hot Wheels High,2024,HW Fast Transit,Mainline,1/5,HTB42,,,,Hot Wheels,HW Fast Transit,1:64,Long Card,,,https://static.wikia.nocookie.net/hotwheels/images/e/e3/HTB42.jpg/revision/latest
006/250,Custom Otto,Custom Otto,2024,HW Dream Garage,Mainline,1/5,HTB49,,,,Hot Wheels,HW Dream Garage,1:64,Long Card,,,https://static.wikia.nocookie.net/hotwheels/images/3/35/HTB49.jpg/revision/latest
007/250,'15 Dodge Charger SRT,'15 Dodge Charger SRT,2024,HW First Response,Mainline,1/10,HTB56,,,,Dodge,HW First Response,1:64,Long Card,,,https://static.wikia.nocookie.net/hotwheels/images/5/54/HTB56.jpg/revision/latest
008/250,'47 Chevy Fleetline,'47 Chevy Fleetline,2024,HW First Response,Mainline,2/10,HTF15,,,,Chevrolet,HW First Response,1:64,Long Card,,,https://static.wikia.nocookie.net/hotwheels/images/f/f8/ChevroletFleetline.jpg/revision/latest
009/250,Runway Res-Q,Runway Res-Q,2024,HW First Response,Mainline,3/10,HTB57,,,,Hot Wheels,HW First Response,1:64,Long Card,,,https://static.wikia.nocookie.net/hotwheels/images/e/e2/Runway_Res-Q_HTB57.jpg/revision/latest
010/250,Mod Speeder,Mod Speeder,2024,HW Modified,Mainline,1/10,HTB64,,,,Hot Wheels,HW Modified,1:64,Long Card,,,https://static.wikia.nocookie.net/hotwheels/images/0/0e/HTB64_carded.jpg/revision/latest
011/250,'76 Greenwood Corvette,'76 Greenwood Corvette,2024,HW Modified,Mainline,2/10,HTB67,,,,Chevrolet,HW Modified,1:64,Long Card,,,https://static.wikia.nocookie.net/hotwheels/images/a/a1/HTB67.jpg/revision/latest
012/250,Ford GT40,Ford GT40,2024,Factory Fresh,Mainline,2/10,HTC51,,,,Ford,Factory Fresh,1:64,Long Card,,,https://static.wikia.nocookie.net/hotwheels/images/d/dc/AutoliteFord.jpg/revision/latest
013/250,Czinger 21C,Czinger 21C,2024,HW Green Speed,Mainline,1/10,HRY49,,,,Hot Wheels,HW Green Speed,1:64,Long Card,,,https://static.wikia.nocookie.net/hotwheels/images/b/bd/Czinger21C.jpg/revision/latest
014/250,Volvo XC40 Recharge,Volvo XC40 Recharge,2024,HW Green Speed,Mainline,2/10,HTB79,,,,Volvo,HW Green Speed,1:64,Long Card,,,https://static.wikia.nocookie.net/hotwheels/images/0/08/HTB79.jpg/revision/latest
015/250,Tesla Model Y,Tesla Model Y,2024,HW Green Speed,Mainline,3/10,HTB80,,,,Tesla,HW Green Speed,1:64,Long Card,,,https://static.wikia.nocookie.net/hotwheels/images/e/ea/HTB80.jpg/revision/latest
016/250,Skate Grom,Skate Grom,2024,HW Xtreme Sports,Mainline,1/5,HTB96,,,,Hot Wheels,HW Xtreme Sports,1:64,Long Card,,,https://static.wikia.nocookie.net/hotwheels/images/e/e5/HTB96.jpg/revision/latest
017/250,Surf's Up,Surf's Up,2024,HW Xtreme Sports,Mainline,2/5,HTB97,,,,Hot Wheels,HW Xtreme Sports,1:64,Long Card,,,https://static.wikia.nocookie.net/hotwheels/images/c/c6/SurfsUp2024.jpg/revision/latest
018/250,Shark Bite,Shark Bite,2024,HW Mega Bite,Mainline,1/5,HTC01,,,,Hot Wheels,HW Mega Bite,1:64,Long Card,,,https://static.wikia.nocookie.net/hotwheels/images/5/5e/SharkBite2024.jpg/revision/latest
019/250,Max Steel,Max Steel,2024,HW Roadsters,Mainline,1/5,HTC12,,,,Hot Wheels,HW Roadsters,1:64,Long Card,,,https://static.wikia.nocookie.net/hotwheels/images/d/de/Max_Steel_2024_HW_Roadsters.jpg/revision/latest
020/250,'70 Plymouth Barracuda,'70 Plymouth Barracuda,2024,HW Roadsters,Mainline,3/5,HTC13,,,,Plymouth,HW Roadsters,1:64,Long Card,,,https://static.wikia.nocookie.net/hotwheels/images/7/77/1st_2024_%2770_Plymouth_Barracuda.jpg/revision/latest
021/250,Mighty K,Mighty K,2024,Compact Kings,Mainline,1/5,HTC17,,,,Hot Wheels,Compact Kings,1:64,Long Card,,,https://static.wikia.nocookie.net/hotwheels/images/4/4c/Surfin%27K.jpg/revision/latest
022/250,Fiat 500e,Fiat 500e,2024,Compact Kings,Mainline,2/5,HTC18,,,,Fiat,Compact Kings,1:64,Long Card,,,https://static.wikia.nocookie.net/hotwheels/images/8/89/FiatElectric500.jpg/revision/latest
023/250,Ford Escort RS2000,Ford Escort RS2000,2024,Factory Fresh,Mainline,1/10,HTC48,,,,Ford,Factory Fresh,1:64,Long Card,,,https://static.wikia.nocookie.net/hotwheels/images/7/77/FordEscortRS.jpg/revision/latest
024/250,2020 Ram 1500 Rebel,2020 Ram 1500 Rebel,2024,Factory Fresh,Mainline,3/10,HTC52,,,,Dodge,Factory Fresh,1:64,Long Card,,,https://static.wikia.nocookie.net/hotwheels/images/1/1d/HTC52.jpg/revision/latest
025/250,Brick and Motor,Brick and Motor,2024,Experimotors,Mainline,1/5,HTC55,,,,Hot Wheels,Experimotors,1:64,Long Card,,,https://static.wikia.nocookie.net/hotwheels/images/1/1b/BrickAndMotor2024.jpg/revision/latest
026/250,Punk Rod,Punk Rod,2024,Rod Squad,Mainline,1/5,HRY48,,,,Hot Wheels,Rod Squad,1:64,Long Card,,,https://static.wikia.nocookie.net/hotwheels/images/d/d0/PunkRod.jpg/revision/latest
027/250,HW Braille Racer - Twin Mill,HW Braille Racer - Twin Mill,2024,HW Celebration Racers World Braille Day,Mainline,1/10,HRY95,,,,Hot Wheels,HW Celebration Racers World Braille Day,1:64,Long Card,,,https://static.wikia.nocookie.net/hotwheels/images/3/32/CelebrationMill.jpg/revision/latest
028/250,Lolux,Lolux,2024,HW Modified,Mainline,3/10,HTB65,,,,Hot Wheels,HW Modified,1:64,Long Card,,,https://static.wikia.nocookie.net/hotwheels/images/a/a8/LOLux2024.jpg/revision/latest
029/250,1956 Corvette,1956 Corvette,2024,HW Screen Time,Mainline,3/10,HTB37,,,,Chevrolet,HW Screen Time,1:64,Long Card,,,https://static.wikia.nocookie.net/hotwheels/images/8/89/KenCorvette.jpg/revision/latest
030/250,Road Bandit,Road Bandit,2024,HW Fast Transit,Mainline,2/5,HTB43,,,,Hot Wheels,HW Fast Transit,1:64,Long Card,,,https://static.wikia.nocookie.net/hotwheels/images/9/96/Mainline_2024_Road_Bandit_MF_Dark_Blue_Malaysia_HTB43.jpg/revision/latest
031/250,Ain't Fare,Ain't Fare,2024,HW Fast Transit,Mainline,3/5,HTF16,,,,Hot Wheels,HW Fast Transit,1:64,Long Card,,,https://static.wikia.nocookie.net/hotwheels/images/8/80/WorldTourFare.jpg/revision/latest
032/250,'18 Camaro SS,'18 Camaro SS,2024,HW Dream Garage,Mainline,2/5,HTB50,,,,Chevrolet,HW Dream Garage,1:64,Long Card,,,https://static.wikia.nocookie.net/hotwheels/images/7/75/HTB50-LOOSE.jpg/revision/latest
033/250,Humvee,Humvee,2024,HW First Response,Mainline,4/10,HTB58,,,,Hot Wheels,HW First Response,1:64,Long Card,,,https://static.wikia.nocookie.net/hotwheels/images/5/5d/Humvee_-_2024_-_HW_First_Response_-_HTB58.jpg/revision/latest
034/250,Nissan Patrol Custom,Nissan Patrol Custom,2024,HW First Response,Mainline,5/10,HTB59,,,,Nissan,HW First Response,1:64,Long Card,,,https://static.wikia.nocookie.net/hotwheels/images/a/af/RescuePatrol.jpg/revision/latest
035/250,Drift'n Break,Drift'n Break,2024,HW Modified,Mainline,4/10,HRY53,,,,Hot Wheels,HW Modified,1:64,Long Card,,,https://static.wikia.nocookie.net/hotwheels/images/3/35/Drift%27nBrake.jpg/revision/latest
036/250,Audi RS e-tron GT,Audi RS e-tron GT,2024,HW Green Speed,Mainline,4/10,HTB81,,,,Audi,HW Green Speed,1:64,Long Card,,,https://static.wikia.nocookie.net/hotwheels/images/d/db/2024AudiRSe-tronGT.jpg/revision/latest
037/250,Ford F-150 Lightning Custom,Ford F-150 Lightning Custom,2024,HW Green Speed,Mainline,5/10,HTB82,,,,Ford,HW Green Speed,1:64,Long Card,,,https://static.wikia.nocookie.net/hotwheels/images/5/53/FordLightningCustom.jpg/revision/latest
038/250,'87 Dodge D100,'87 Dodge D100,2024,HW Reverse Rake,Mainline,1/5,HTB89,,,,Dodge,HW Reverse Rake,1:64,Long Card,,,https://static.wikia.nocookie.net/hotwheels/images/9/96/2024DodgeD100.jpg/revision/latest
039/250,Croc Rod,Croc Rod,2024,HW Mega Bite,Mainline,2/5,HTC02,,,,Hot Wheels,HW Mega Bite,1:64,Long Card,,,https://static.wikia.nocookie.net/hotwheels/images/0/07/Croc_Rod_HCT02.jpg/revision/latest
040/250,Corvette C6,Corvette C6,2024,HW Roadsters,Mainline,2/5,HTC14,,,,Chevrolet,HW Roadsters,1:64,Long Card,,,https://static.wikia.nocookie.net/hotwheels/images/9/9f/2009CorvetteConvertible.jpg/revision/latest
041/250,Proton Saga,Proton Saga,2024,Compact Kings,Mainline,3/5,HRY46,,,,Hot Wheels,Compact Kings,1:64,Long Card,,,https://static.wikia.nocookie.net/hotwheels/images/3/31/1985ProtonSaga.jpg/revision/latest
042/250,Volkswagen T2 Pickup,Volkswagen T2 Pickup,2024,HW Hot Trucks,Mainline,1/10,HTC28,,,,Volkswagen,HW Hot Trucks,1:64,Long Card,,,https://static.wikia.nocookie.net/hotwheels/images/2/2a/VWPickup.jpg/revision/latest
043/250,'19 Ford Ranger Raptor,'19 Ford Ranger Raptor,2024,HW Hot Trucks,Mainline,2/10,HTC29,,,,Ford,HW Hot Trucks,1:64,Long Card,,,https://static.wikia.nocookie.net/hotwheels/images/d/d7/HKSRaptor.jpg/revision/latest
044/250,Nissan Skyline RS (KDR30),Nissan Skyline RS (KDR30),2024,HW J-Imports,Mainline,1/10,HTC40,,,,Nissan,HW J-Imports,1:64,Long Card,,,https://static.wikia.nocookie.net/hotwheels/images/2/2d/NissanSkylineRS.jpg/revision/latest
045/250,Honda Civic Si,Honda Civic Si,2024,HW J-Imports,Mainline,2/10,HTC41,,,,Honda,HW J-Imports,1:64,Long Card,,,https://static.wikia.nocookie.net/hotwheels/images/a/ad/2000HondaCivic.jpg/revision/latest
046/250,Porsche 911 Carrera RS 2.7,Porsche 911 Carrera RS 2.7,2024,Factory Fresh,Mainline,4/10,HTC49,,,,Porsche,Factory Fresh,1:64,Long Card,,,https://static.wikia.nocookie.net/hotwheels/images/3/39/1973Porsche911.jpg/revision/latest
047/250,'72 Stingray Convertible,'72 Stingray Convertible,2024,Factory Fresh,Mainline,5/10,HTC50,,,,Hot Wheels,Factory Fresh,1:64,Long Card,,,https://static.wikia.nocookie.net/hotwheels/images/4/42/StingrayConvertible.jpg/revision/latest
048/250,Loopster,Loopster,2024,Experimotors,Mainline,2/5,HTC56,,,,Hot Wheels,Experimotors,1:64,Long Card,,,https://static.wikia.nocookie.net/hotwheels/images/c/ca/2024ML-048B_%28Large%29.JPG/revision/latest
049/250,Honda CB750 Café,Honda CB750 Café,2024,Rod Squad,Mainline,2/5,HTC61,,,,Honda,Rod Squad,1:64,Long Card,,,https://static.wikia.nocookie.net/hotwheels/images/8/8a/Honda_CB750_Cafe_-_2024_-_Rod_Squad_-_HTC61.jpg/revision/latest
050/250,Limited Grip,Limited Grip,2024,Rod Squad,Mainline,3/5,HTC62,,,,Hot Wheels,Rod Squad,1:64,Long Card,,,https://static.wikia.nocookie.net/hotwheels/images/c/c4/HTC62_01.jpg/revision/latest
051/250,El Segundo Coupe,El Segundo Coupe,2024,HW Turbo,Mainline,1/5,HTC63,,,,Hot Wheels,HW Turbo,1:64,Long Card,,,https://static.wikia.nocookie.net/hotwheels/images/0/0e/TurboCoupe.jpg/revision/latest
052/250,Knight Draggin',Knight Draggin',2024,HW Celebration Racers Year of the Dragon,Mainline,2/10,HRY96,,,,Hot Wheels,HW Celebration Racers Year of the Dragon,1:64,Long Card,,,https://static.wikia.nocookie.net/hotwheels/images/3/31/Knight_Draggin%27_-_2024_-_HW_Celebration_Racers_-_HRY96.jpg/revision/latest
053/250,1978 Dodge Li'l Red Express Truck,1978 Dodge Li'l Red Express Truck,2024,HW Celebration Racers Valentine's Day,Mainline,3/10,HRY97,,,,Dodge,HW Celebration Racers Valentine's Day,1:64,Long Card,,,https://static.wikia.nocookie.net/hotwheels/images/2/27/Dodge_Li%27l_Red_Express_Truck_1978_-_2024_-_HW_Celebration_Racers_-_HRY97.jpg/revision/latest
054/250,Batman &amp; Robin Batmobile,Batman &amp; Robin Batmobile,2024,Batman,Mainline,2/5,HRY54,,,,DC Comics,Batman,1:64,Long Card,,,https://static.wikia.nocookie.net/hotwheels/images/7/77/GeorgeClooneyBatmobile.jpg/revision/latest
055/250,HW Ultimate T-Rex Transporter,HW Ultimate T-Rex Transporter,2024,HW Screen Time,Mainline,4/10,HRY50,,,,Hot Wheels,HW Screen Time,1:64,Long Card,,,https://static.wikia.nocookie.net/hotwheels/images/2/29/T-RexTransporter.jpg/revision/latest
056/250,West Coast Flyer,West Coast Flyer,2024,HW Fast Transit New in Mainline,Mainline,4/5,HTB44,,,,Hot Wheels,HW Fast Transit New in Mainline,1:64,Long Card,,,https://static.wikia.nocookie.net/hotwheels/images/b/b2/HWBullet.jpg/revision/latest
057/250,'07 Chevy Tahoe,'07 Chevy Tahoe,2024,HW First Response,Mainline,7/10,HTB60,,,,Chevrolet,HW First Response,1:64,Long Card,,,https://static.wikia.nocookie.net/hotwheels/images/2/22/Chevy_Tahoe_07_-_2024_-_HW_First_Response_-_HTB60.jpg/revision/latest
058/250,Baja Bison T5,Baja Bison T5,2024,HW First Response,Mainline,6/10,HTB61,,,,Hot Wheels,HW First Response,1:64,Long Card,,,https://static.wikia.nocookie.net/hotwheels/images/f/fc/FirstResponseBison.jpg/revision/latest
059/250,Mad Mike Drift Attack,Mad Mike Drift Attack,2024,HW Modified,Mainline,5/10,HTB66,,,,Hot Wheels,HW Modified,1:64,Long Card,,,https://static.wikia.nocookie.net/hotwheels/images/d/dc/GrayscaleDriftAttack.jpg/revision/latest
060/250,Back to the Future Time Machine - Hover Mode,Back to the Future Time Machine - Hover Mode,2024,HW Screen Time,Mainline,5/10,HTB33,,,,Hot Wheels,HW Screen Time,1:64,Long Card,,,https://static.wikia.nocookie.net/hotwheels/images/b/b0/TimeMachineHoverMode.jpg/revision/latest
061/250,Mod Rod,Mod Rod,2024,HW Art Cars,Mainline,1/10,HTB71,,,,Hot Wheels,HW Art Cars,1:64,Long Card,,,https://static.wikia.nocookie.net/hotwheels/images/7/77/Mod_Rod_-_2024_-_HW_Art_Cars_-_HTB71.jpg/revision/latest
062/250,GMC Hummer EV,GMC Hummer EV,2024,HW Green Speed,Mainline,6/10,HTB83,,,,Hot Wheels,HW Green Speed,1:64,Long Card,,,https://static.wikia.nocookie.net/hotwheels/images/8/8c/HTB83_01.jpg/revision/latest
063/250,'55 Chevy Bel Air Gasser,'55 Chevy Bel Air Gasser,2024,HW Reverse Rake,Mainline,2/5,HTB90,,,,Chevrolet,HW Reverse Rake,1:64,Long Card,,,https://static.wikia.nocookie.net/hotwheels/images/7/74/TheCollector.jpg/revision/latest
064/250,Wheelie Chair,Wheelie Chair,2024,HW Xtreme Sports,Mainline,3/5,HTB98,,,,Hot Wheels,HW Xtreme Sports,1:64,Long Card,,,https://static.wikia.nocookie.net/hotwheels/images/d/dc/Wheelchair2024.jpg/revision/latest
065/250,Surfin' School Bus,Surfin' School Bus,2024,HW Xtreme Sports,Mainline,4/5,HTB99,,,,Hot Wheels,HW Xtreme Sports,1:64,Long Card,,,https://static.wikia.nocookie.net/hotwheels/images/5/5c/SurfinSchoolBus2024.jpg/revision/latest
066/250,Hotweiler,Hotweiler,2024,HW Mega Bite,Mainline,3/5,HTC03,,,,Hot Wheels,HW Mega Bite,1:64,Long Card,,,https://static.wikia.nocookie.net/hotwheels/images/4/4a/Hotweiler_-_2024_-_HW_Mega_Bite_-_HTC03.jpg/revision/latest
067/250,BMW 507,BMW 507,2024,HW Roadsters,Mainline,4/5,HTC15,,,,BMW,HW Roadsters,1:64,Long Card,,,https://static.wikia.nocookie.net/hotwheels/images/2/23/BMW507Racer.jpg/revision/latest
068/250,'57 Jeep FC,'57 Jeep FC,2024,HW Hot Trucks,Mainline,3/10,HTC30,,,,Jeep,HW Hot Trucks,1:64,Long Card,,,https://static.wikia.nocookie.net/hotwheels/images/b/b4/JeepFCCustom.jpg/revision/latest
069/250,'15 Mazda MX-5 Miata,'15 Mazda MX-5 Miata,2024,HW J-Imports,Mainline,3/10,HTC42,,,,Mazda,HW J-Imports,1:64,Long Card,,,https://static.wikia.nocookie.net/hotwheels/images/c/c4/2015MazdaMX-5.jpg/revision/latest
070/250,McLaren Solus GT,McLaren Solus GT,2024,HW Modified,Mainline,6/10,HTB68,,,,McLaren,HW Modified,1:64,Long Card,,,https://static.wikia.nocookie.net/hotwheels/images/8/81/McLarenSolus.jpg/revision/latest
071/250,Vespa 90 SS Super Sprint (1966),Vespa 90 SS Super Sprint (1966),2024,Factory Fresh,Mainline,6/10,HRY52,,,,Hot Wheels,Factory Fresh,1:64,Long Card,,,https://static.wikia.nocookie.net/hotwheels/images/a/a5/Vespa.jpg/revision/latest
072/250,Tooligan,Tooligan,2024,Experimotors,Mainline,3/5,HTF17,,,,Hot Wheels,Experimotors,1:64,Long Card,,,https://static.wikia.nocookie.net/hotwheels/images/a/a3/HWTooligan.jpg/revision/latest
073/250,Mo-Stash,Mo-Stash,2024,Experimotors,Mainline,4/5,HRY56,,,,Hot Wheels,Experimotors,1:64,Long Card,,,https://static.wikia.nocookie.net/hotwheels/images/f/f6/Mo-Stash.jpg/revision/latest
074/250,Group C Fantasy,Group C Fantasy,2024,HW Race Day,Mainline,1/10,HTC74,,,,Hot Wheels,HW Race Day,1:64,Long Card,,,https://static.wikia.nocookie.net/hotwheels/images/e/e2/GroupCFantasyRaceCar.jpg/revision/latest
075/250,Rockin' Railer,Rockin' Railer,2024,HW Race Day,Mainline,2/10,HTC75,,,,Hot Wheels,HW Race Day,1:64,Long Card,,,https://static.wikia.nocookie.net/hotwheels/images/1/15/HTC75_01.jpg/revision/latest
076/250,RRRoadster,RRRoadster,2024,HW Celebration Racers International Women's Day,Mainline,4/10,HRY98,,,,Hot Wheels,HW Celebration Racers International Women's Day,1:64,Long Card,,,https://static.wikia.nocookie.net/hotwheels/images/a/a1/RRRoadster_-_2024_-_HW_Celebration_Racers_-_HRY98.jpg/revision/latest
077/250,Rodger Dodger,Rodger Dodger,2024,HW Celebration Racers Leap Year,Mainline,5/10,HRY99,,,,Dodge,HW Celebration Racers Leap Year,1:64,Long Card,,,https://static.wikia.nocookie.net/hotwheels/images/c/ca/Rodger_Dodger_-_2024_-_HW_Celebration_Racers_-_HRY99.jpg/revision/latest
078/250,Ice Charger,Ice Charger,2024,HW Screen Time,Mainline,6/10,HTB34,,,,Hot Wheels,HW Screen Time,1:64,Long Card,,,https://static.wikia.nocookie.net/hotwheels/images/5/56/HTB34-LOOSE.jpg/revision/latest
079/250,Glory Chaser,Glory Chaser,2024,HW Dream Garage,Mainline,4/5,HTB51,,,,Hot Wheels,HW Dream Garage,1:64,Long Card,,,https://static.wikia.nocookie.net/hotwheels/images/3/36/Mainline_2024_Glory_Chaser_Burnt_Orange_Malaysia_HTB51.jpg/revision/latest
080/250,Mazda RX-7,Mazda RX-7,2024,HW First Response,Mainline,8/10,HTB62,,,,Mazda,HW First Response,1:64,Long Card,,,https://static.wikia.nocookie.net/hotwheels/images/b/b4/HTB62-LOOSE.jpg/revision/latest
081/250,Custom '68 Camaro,Custom '68 Camaro,2024,HW Modified,Mainline,7/10,HTB69,,,,Chevrolet,HW Modified,1:64,Long Card,,,https://static.wikia.nocookie.net/hotwheels/images/e/ed/PunkCamaro.jpg/revision/latest
082/250,'89 Mercedes-Benz 560 SEC AMG,'89 Mercedes-Benz 560 SEC AMG,2024,HW Modified,Mainline,8/10,HTB70,,,,Mercedes-Benz,HW Modified,1:64,Long Card,,,https://static.wikia.nocookie.net/hotwheels/images/d/d3/HTB70-LOOSE.jpg/revision/latest
083/250,'67 Chevy C10,'67 Chevy C10,2024,HW Art Cars,Mainline,2/10,HTB72,,,,Chevrolet,HW Art Cars,1:64,Long Card,,,https://static.wikia.nocookie.net/hotwheels/images/4/45/Mainline_2024_%2767_Chevy_C10_Tan-Brown_Malaysia_HTB72.jpg/revision/latest
084/250,'67 Camaro,'67 Camaro,2024,HW Art Cars New in Mainline,Mainline,3/10,HTB74,,,,Chevrolet,HW Art Cars New in Mainline,1:64,Long Card,,,https://static.wikia.nocookie.net/hotwheels/images/6/6a/ArtCarsCamaro.jpg/revision/latest
085/250,DeLorean Alpha5,DeLorean Alpha5,2024,HW Green Speed New in Mainline,Mainline,7/10,HTB84,,,,Hot Wheels,HW Green Speed New in Mainline,1:64,Long Card,,,https://static.wikia.nocookie.net/hotwheels/images/9/9d/2024DeLorean.jpg/revision/latest
086/250,'10 Camaro SS,'10 Camaro SS,2024,HW First Response,Mainline,9/10,HTB63,,,,Chevrolet,HW First Response,1:64,Long Card,,,https://static.wikia.nocookie.net/hotwheels/images/1/1e/10_camaro_ss_2024.png/revision/latest
087/250,Piranha Terror,Piranha Terror,2024,HW Mega Bite,Mainline,4/5,HTC04,,,,Hot Wheels,HW Mega Bite,1:64,Long Card,,,https://static.wikia.nocookie.net/hotwheels/images/6/6d/Piranha_Terror_-_2024_-_HW_Mega_Bite_-_HTC04.jpg/revision/latest
088/250,Street Wiener,Street Wiener,2024,Hot Wheels Let's Race,Mainline,1/5,HTC07,,,,Hot Wheels,Hot Wheels Let's Race,1:64,Long Card,,,https://static.wikia.nocookie.net/hotwheels/images/6/61/Street_Wiener_-_2024_-_Hot_Wheels_Let_s_Race_-_HTC07.jpg/revision/latest
089/250,GT-Scorcher,GT-Scorcher,2024,Hot Wheels Let's Race,Mainline,2/5,HTC08,,,,Hot Wheels,Hot Wheels Let's Race,1:64,Long Card,,,https://static.wikia.nocookie.net/hotwheels/images/b/bd/GT-Scorcher_-_2024_-_Hoy_Wheels_Let_s_Race_-_HTC08.jpg/revision/latest
090/250,'73 Honda Civic Custom,'73 Honda Civic Custom,2024,Compact Kings,Mainline,4/5,HTC19,,,,Honda,Compact Kings,1:64,Long Card,,,https://static.wikia.nocookie.net/hotwheels/images/6/68/1973HondaCivic.jpg/revision/latest
091/250,'73 Jeep J10,'73 Jeep J10,2024,HW Hot Trucks,Mainline,4/10,HTC31,,,,Jeep,HW Hot Trucks,1:64,Long Card,,,https://static.wikia.nocookie.net/hotwheels/images/f/fc/2024_%2773_Jeep_J10.jpeg/revision/latest
092/250,Land Rover Series II,Land Rover Series II,2024,HW Hot Trucks,Mainline,5/10,HTC32,,,,Land Rover,HW Hot Trucks,1:64,Long Card,,,https://static.wikia.nocookie.net/hotwheels/images/7/73/Mainline_2024_Land_Rover_Series_II_Light_Gray_Malaysia_HTC32.jpg/revision/latest
093/250,Grass Chomper,Grass Chomper,2024,HW Ride-Ons,Mainline,1/5,HTC37,,,,Hot Wheels,HW Ride-Ons,1:64,Long Card,,,https://static.wikia.nocookie.net/hotwheels/images/3/31/Grass_Chomper_-_2024_-_HW_Ride-Ons_-_HTC37.jpg/revision/latest
094/250,Boom Car,Boom Car,2024,HW Ride-Ons,Mainline,2/5,HTC38,,,,Hot Wheels,HW Ride-Ons,1:64,Long Card,,,https://static.wikia.nocookie.net/hotwheels/images/8/89/BoomCar.jpg/revision/latest
095/250,'92 Honda Civic EG,'92 Honda Civic EG,2024,HW J-Imports New in Mainline,Mainline,4/10,HTC43,,,,Honda,HW J-Imports New in Mainline,1:64,Long Card,,,https://static.wikia.nocookie.net/hotwheels/images/e/e0/HTC43.jpg/revision/latest
096/250,Nissan Skyline GT-R (BCNR33),Nissan Skyline GT-R (BCNR33),2024,HW J-Imports,Mainline,5/10,HTC44,,,,Nissan,HW J-Imports,1:64,Long Card,,,https://static.wikia.nocookie.net/hotwheels/images/c/cc/HTC44-LOOSE.jpg/revision/latest
097/250,'23 Ram 1500,'23 Ram 1500,2024,Factory Fresh,Mainline,7/10,HXB33,,,,Dodge,Factory Fresh,1:64,Long Card,,,https://static.wikia.nocookie.net/hotwheels/images/6/60/%2723Ram1500.jpg/revision/latest
098/250,Alfa Romeo GTV6 3.0,Alfa Romeo GTV6 3.0,2024,Factory Fresh,Mainline,8/10,HTC53,,,,Alfa Romeo,Factory Fresh,1:64,Long Card,,,https://static.wikia.nocookie.net/hotwheels/images/4/41/AlfaRomeoAlfetta.jpg/revision/latest
099/250,Pagani Zonda R,Pagani Zonda R,2024,HW Race Day,Mainline,3/10,HTC78,,,,Pagani,HW Race Day,1:64,Long Card,,,https://static.wikia.nocookie.net/hotwheels/images/8/81/RacingZonda.jpg/revision/latest
100/250,Custom '53 Chevy,Custom '53 Chevy,2024,Rod Squad,Mainline,4/5,HTF18,,,,Chevrolet,Rod Squad,1:64,Long Card,,,https://static.wikia.nocookie.net/hotwheels/images/3/31/2024_Custom_%2753_Chevy.jpg/revision/latest
101/250,HW-4-TRAC,HW-4-TRAC,2024,HW Race Day,Mainline,4/10,HTC76,,,,Hot Wheels,HW Race Day,1:64,Long Card,,,https://static.wikia.nocookie.net/hotwheels/images/9/93/4Trac2024Red.jpg/revision/latest
102/250,'87 Audi quattro,'87 Audi quattro,2024,HW Turbo,Mainline,2/5,HRY55,,,,Audi,HW Turbo,1:64,Long Card,,,https://static.wikia.nocookie.net/hotwheels/images/f/f2/%2787Audiquattro.jpg/revision/latest
103/250,Flippin Fast,Flippin Fast,2024,HW Celebration Racers  World Autism Awareness Day,Mainline,6/10,HRY59,,,,Hot Wheels,HW Celebration Racers  World Autism Awareness Day,1:64,Long Card,,,https://static.wikia.nocookie.net/hotwheels/images/9/9c/Flippin%27Fast.jpg/revision/latest
104/250,Brickin' Delivery,Brickin' Delivery,2024,HW Metro,Mainline,1/10,HTB13,,,,Hot Wheels,HW Metro,1:64,Long Card,,,https://static.wikia.nocookie.net/hotwheels/images/7/71/Bricking_delivery_2024.png/revision/latest
105/250,Surf Duty,Surf Duty,2024,HW Metro,Mainline,2/10,HTB14,,,,Hot Wheels,HW Metro,1:64,Long Card,,,https://static.wikia.nocookie.net/hotwheels/images/0/06/Mainline_2024_Surf_Duty_Blue_Malaysia_HTB14.jpg/revision/latest
106/250,Batman Forever Batmobile,Batman Forever Batmobile,2024,Batman,Mainline,3/5,HTF19,,,,DC Comics,Batman,1:64,Long Card,,,https://static.wikia.nocookie.net/hotwheels/images/e/e0/2024_Batman_Forever_Batmobile.jpg/revision/latest
107/250,Aston Martin 1963 DB5,Aston Martin 1963 DB5,2024,HW Screen Time,Mainline,7/10,HTB36,,,,Aston Martin,HW Screen Time,1:64,Long Card,,,https://static.wikia.nocookie.net/hotwheels/images/f/f1/HTB36-LOOSE.jpg/revision/latest
108/250,'70 Dodge Charger R/T,'70 Dodge Charger R/T,2024,HW Art Cars,Mainline,4/10,HTB76,,,,Dodge,HW Art Cars,1:64,Long Card,,,https://static.wikia.nocookie.net/hotwheels/images/b/bf/Dodge_Charger_RT_1970_%281f%29_-_HotWheels.jpg/revision/latest
109/250,Corvette Stingray,Corvette Stingray,2024,HW Dream Garage,Mainline,5/5,HTB52,,,,Chevrolet,HW Dream Garage,1:64,Long Card,,,https://static.wikia.nocookie.net/hotwheels/images/4/49/Stingray._2024_HW_Dream_Garage%2C_Red.jpg/revision/latest
110/250,Silverado EV RST,Silverado EV RST,2024,HW Green Speed,Mainline,8/10,HRY63,,,,Chevrolet,HW Green Speed,1:64,Long Card,,,https://static.wikia.nocookie.net/hotwheels/images/f/f3/SilveradoEVRST.jpg/revision/latest
111/250,Pontiac Aztek Custom,Pontiac Aztek Custom,2024,HW Modified,Mainline,9/10,HRY61,,,,Pontiac,HW Modified,1:64,Long Card,,,https://static.wikia.nocookie.net/hotwheels/images/5/55/PontiacAztekCustom.jpg/revision/latest
112/250,Mustang Funny Car,Mustang Funny Car,2024,HW Art Cars,Mainline,5/10,HTB73,,,,Ford,HW Art Cars,1:64,Long Card,,,https://static.wikia.nocookie.net/hotwheels/images/8/8f/HTB73.jpg/revision/latest
113/250,Layin' Lowrider,Layin' Lowrider,2024,HW Reverse Rake,Mainline,3/5,HTB91,,,,Hot Wheels,HW Reverse Rake,1:64,Long Card,,,https://static.wikia.nocookie.net/hotwheels/images/0/0a/2024LayinLowriderBlack.jpg/revision/latest
114/250,T-Rextroyer,T-Rextroyer,2024,HW Mega Bite,Mainline,5/5,HTC05,,,,Hot Wheels,HW Mega Bite,1:64,Long Card,,,https://static.wikia.nocookie.net/hotwheels/images/1/1a/TRex2025.jpeg/revision/latest
115/250,Baja Truck,Baja Truck,2024,Hot Wheels Let's Race,Mainline,3/5,HTC09,,,,Hot Wheels,Hot Wheels Let's Race,1:64,Long Card,,,https://static.wikia.nocookie.net/hotwheels/images/8/83/Mainline_2024_Baja_Truck_HTC09.jpeg/revision/latest
116/250,'15 Jaguar F-Type Project 7,'15 Jaguar F-Type Project 7,2024,HW Roadsters,Mainline,5/5,HTC16,,,,Jaguar,HW Roadsters,1:64,Long Card,,,https://static.wikia.nocookie.net/hotwheels/images/e/e7/%2715_Jaguar_F-Type_Project_7_HW_Roadsters_2024_White.jpg/revision/latest
117/250,'60s Fiat 500D Modificado,'60s Fiat 500D Modificado,2024,Compact Kings New in Mainline,Mainline,5/5,HTC20,,,,Fiat,Compact Kings New in Mainline,1:64,Long Card,,,https://static.wikia.nocookie.net/hotwheels/images/2/23/1966Fiat500D.jpg/revision/latest
118/250,Custom '72 Chevy LUV,Custom '72 Chevy LUV,2024,HW Hot Trucks,Mainline,6/10,HTC33,,,,Chevrolet,HW Hot Trucks,1:64,Long Card,,,https://static.wikia.nocookie.net/hotwheels/images/5/57/HTC33-LOOSE.jpg/revision/latest
119/250,Tanknator,Tanknator,2024,HW Ride-Ons,Mainline,3/5,HTC39,,,,Hot Wheels,HW Ride-Ons,1:64,Long Card,,,https://static.wikia.nocookie.net/hotwheels/images/7/74/Tanknator2024.jpeg/revision/latest
120/250,'91 Mazda MX-5 Miata,'91 Mazda MX-5 Miata,2024,HW J-Imports,Mainline,6/10,HTC47,,,,Mazda,HW J-Imports,1:64,Long Card,,,https://static.wikia.nocookie.net/hotwheels/images/a/ac/1991MazdaMX-5Miata.jpg/revision/latest
121/250,'57 Chevy,'57 Chevy,2024,HW Art Cars,Mainline,6/10,HTB75,,,,Chevrolet,HW Art Cars,1:64,Long Card,,,https://static.wikia.nocookie.net/hotwheels/images/d/d8/Mainline_2024_%2757_Chevy_Black_Malaysia_HTB75.jpg/revision/latest
122/250,"Shelby Cobra ""Daytona"" Coupe","Shelby Cobra ""Daytona"" Coupe",2024,HW Race Day,Mainline,5/10,HTC77,,,,Shelby,HW Race Day,1:64,Long Card,,,https://static.wikia.nocookie.net/hotwheels/images/5/50/GulfCoupe.jpg/revision/latest
123/250,Cadillac Project GTP Hypercar,Cadillac Project GTP Hypercar,2024,HW Turbo,Mainline,3/5,HRY60,,,,Cadillac,HW Turbo,1:64,Long Card,,,https://static.wikia.nocookie.net/hotwheels/images/6/66/CadillacGTP.jpg/revision/latest
124/250,Supercharged,Supercharged,2024,HW Celebration Racers Earth Day,Mainline,7/10,HTB00,,,,Hot Wheels,HW Celebration Racers Earth Day,1:64,Long Card,,,https://static.wikia.nocookie.net/hotwheels/images/0/01/Supercharged_Earth_Day.jpg/revision/latest
125/250,5 Alarm,5 Alarm,2024,HW Metro,Mainline,3/10,HTB15,,,,Hot Wheels,HW Metro,1:64,Long Card,,,https://static.wikia.nocookie.net/hotwheels/images/8/85/HTB15-LOOSE.jpg/revision/latest
126/250,Trouble Decker,Trouble Decker,2024,HW Fast Transit,Mainline,5/5,HTB45,,,,Hot Wheels,HW Fast Transit,1:64,Long Card,,,https://static.wikia.nocookie.net/hotwheels/images/2/2c/PenangDecker.jpg/revision/latest
127/250,Jaguar Mk1,Jaguar Mk1,2024,HW Race Day,Mainline,6/10,HRY80,,,,Jaguar,HW Race Day,1:64,Long Card,,,https://static.wikia.nocookie.net/hotwheels/images/f/f1/JaguarMk1.jpg/revision/latest
128/250,Ford Performance SuperVan 4,Ford Performance SuperVan 4,2024,HW Green Speed,Mainline,9/10,HRY90,,,,Ford,HW Green Speed,1:64,Long Card,,,https://static.wikia.nocookie.net/hotwheels/images/d/dd/FordSuperVan4.jpg/revision/latest
129/250,Ford Mustang Mach-E 1400,Ford Mustang Mach-E 1400,2024,HW Green Speed,Mainline,10/10,HTF20,,,,Ford,HW Green Speed,1:64,Long Card,,,https://static.wikia.nocookie.net/hotwheels/images/8/82/2024_Ford_Mustang_Mach-E_1400.jpg/revision/latest
130/250,HW450F,HW450F,2024,HW Xtreme Sports,Mainline,5/5,HTC00,,,,Hot Wheels,HW Xtreme Sports,1:64,Long Card,,,https://static.wikia.nocookie.net/hotwheels/images/a/ad/HW450FSports.jpg/revision/latest
131/250,Terra-Tracktyl,Terra-Tracktyl,2024,HW Track Champs,Mainline,1/5,HRY65,,,,Hot Wheels,HW Track Champs,1:64,Long Card,,,https://static.wikia.nocookie.net/hotwheels/images/2/2f/Terra-Tracktyl.jpg/revision/latest
132/250,'71 El Camino,'71 El Camino,2024,HW Hot Trucks,Mainline,7/10,HTC34,,,,Chevrolet,HW Hot Trucks,1:64,Long Card,,,https://static.wikia.nocookie.net/hotwheels/images/a/a7/71_El_Camino_Violet_2024.jpg/revision/latest
133/250,'94 Audi Avant RS2,'94 Audi Avant RS2,2024,Factory Fresh,Mainline,9/10,HTC54,,,,Audi,Factory Fresh,1:64,Long Card,,,https://static.wikia.nocookie.net/hotwheels/images/b/bd/HTC54-LOOSE.jpg/revision/latest
134/250,Porsche 911 Carrera,Porsche 911 Carrera,2024,Experimotors,Mainline,5/5,HRY64,,,,Porsche,Experimotors,1:64,Long Card,,,https://static.wikia.nocookie.net/hotwheels/images/b/ba/PorscheCarreraKeychain.jpg/revision/latest
135/250,Heavy Hitcher,Heavy Hitcher,2024,HW Metro,Mainline,4/10,HTB16,,,,Hot Wheels,HW Metro,1:64,Long Card,,,https://static.wikia.nocookie.net/hotwheels/images/0/00/TWUHitcher.jpg/revision/latest
136/250,Minecart,Minecart,2024,HW Screen Time,Mainline,8/10,HTB38,,,,Hot Wheels,HW Screen Time,1:64,Long Card,,,https://static.wikia.nocookie.net/hotwheels/images/0/07/HTB38-LOOSE.jpg/revision/latest
137/250,Rapid Pulse,Rapid Pulse,2024,HW First Response,Mainline,10/10,HRY68,,,,Hot Wheels,HW First Response,1:64,Long Card,,,https://static.wikia.nocookie.net/hotwheels/images/6/69/RapidPulse.jpg/revision/latest
138/250,BMW M3 Wagon,BMW M3 Wagon,2024,HW Modified,Mainline,10/10,HRY67,,,,BMW,HW Modified,1:64,Long Card,,,https://static.wikia.nocookie.net/hotwheels/images/1/19/BMWM3Wagon.jpg/revision/latest
139/250,'52 Chevy,'52 Chevy,2024,HW Hot Trucks,Mainline,8/10,HTC36,,,,Chevrolet,HW Hot Trucks,1:64,Long Card,,,https://static.wikia.nocookie.net/hotwheels/images/a/a2/1952ChevyTruck.jpg/revision/latest
140/250,Dragon Blaster,Dragon Blaster,2024,Hot Wheels Let's Race,Mainline,4/5,HTC10,,,,Hot Wheels,Hot Wheels Let's Race,1:64,Long Card,,,https://static.wikia.nocookie.net/hotwheels/images/8/86/DragonBlasterRacer.jpg/revision/latest
141/250,Draggin' Wagon,Draggin' Wagon,2024,HW Ride-Ons,Mainline,4/5,HTF21,,,,Hot Wheels,HW Ride-Ons,1:64,Long Card,,,https://static.wikia.nocookie.net/hotwheels/images/5/5e/2024_Draggin_Wagon.jpg/revision/latest
142/250,'68 Dodge Dart,'68 Dodge Dart,2024,Muscle Mania,Mainline,1/5,HTC57,,,,Dodge,Muscle Mania,1:64,Long Card,,,https://static.wikia.nocookie.net/hotwheels/images/9/9f/HTC57-LOOSE.jpg/revision/latest
143/250,Hirohata Merc,Hirohata Merc,2024,Rod Squad,Mainline,5/5,HRY69,,,,Hot Wheels,Rod Squad,1:64,Long Card,,,https://static.wikia.nocookie.net/hotwheels/images/e/eb/HirohataMerc.jpg/revision/latest
144/250,Audi 90 quattro,Audi 90 quattro,2024,HW Turbo,Mainline,4/5,HTC64,,,,Audi,HW Turbo,1:64,Long Card,,,https://static.wikia.nocookie.net/hotwheels/images/f/ff/HTC64-LOOSE.jpg/revision/latest
145/250,Mazda 787B,Mazda 787B,2024,HW Race Day,Mainline,7/10,HTC79,,,,Mazda,HW Race Day,1:64,Long Card,,,https://static.wikia.nocookie.net/hotwheels/images/1/14/Charge787B.jpg/revision/latest
146/250,Birthday Burner,Birthday Burner,2024,HW Celebration Racers  Happy Birthday!,Mainline,8/10,HRY72,,,,Hot Wheels,HW Celebration Racers  Happy Birthday!,1:64,Long Card,,,https://static.wikia.nocookie.net/hotwheels/images/6/62/BirthdayBurner.jpg/revision/latest
147/250,Speed Dozer,Speed Dozer,2024,HW Metro,Mainline,5/10,HTB17,,,,Hot Wheels,HW Metro,1:64,Long Card,,,https://static.wikia.nocookie.net/hotwheels/images/e/e8/Speed-Dozer-147-Green.jpeg/revision/latest
148/250,Propper Chopper,Propper Chopper,2024,HW Metro,Mainline,6/10,HTB18,,,,Hot Wheels,HW Metro,1:64,Long Card,,,https://static.wikia.nocookie.net/hotwheels/images/6/68/HTB18-LOOSE.jpg/revision/latest
149/250,Batman: Arkham Knight Batmobile,Batman: Arkham Knight Batmobile,2024,Batman,Mainline,4/5,HTB22,,,,DC Comics,Batman,1:64,Long Card,,,https://static.wikia.nocookie.net/hotwheels/images/d/d1/HTB22-LOOSE.jpg/revision/latest
150/250,Donut Drifter,Donut Drifter,2024,Fast Foodie,Mainline,1/5,HTB46,,,,Hot Wheels,Fast Foodie,1:64,Long Card,,,https://static.wikia.nocookie.net/hotwheels/images/1/1a/Donut_drifter_green.jpg/revision/latest
151/250,Purple Passion,Purple Passion,2024,HW Art Cars,Mainline,7/10,HTF22,,,,Hot Wheels,HW Art Cars,1:64,Long Card,,,https://static.wikia.nocookie.net/hotwheels/images/5/5e/ArtPassion.jpg/revision/latest
152/250,King Kuda,King Kuda,2024,HW Art Cars,Mainline,8/10,HTB77,,,,Hot Wheels,HW Art Cars,1:64,Long Card,,,https://static.wikia.nocookie.net/hotwheels/images/b/b8/Kingkudaartcar.jpg/revision/latest
153/250,Volvo P1800 Gasser,Volvo P1800 Gasser,2024,HW Reverse Rake,Mainline,4/5,HTB92,,,,Volvo,HW Reverse Rake,1:64,Long Card,,,https://static.wikia.nocookie.net/hotwheels/images/8/8f/HTB92-LOOSE.jpg/revision/latest
154/250,Rollin' Solo,Rollin' Solo,2024,HW Track Champs,Mainline,2/5,HTC06,,,,Hot Wheels,HW Track Champs,1:64,Long Card,,,https://static.wikia.nocookie.net/hotwheels/images/8/8c/RollinSoloTrackChampsLoose.jpg/revision/latest
155/250,'63 Studebaker Champ,'63 Studebaker Champ,2024,HW Hot Trucks,Mainline,9/10,HTC35,,,,Hot Wheels,HW Hot Trucks,1:64,Long Card,,,https://static.wikia.nocookie.net/hotwheels/images/0/05/%2763Studebaker.jpg/revision/latest
156/250,Mazda RX-3,Mazda RX-3,2024,HW J-Imports,Mainline,7/10,HRY71,,,,Mazda,HW J-Imports,1:64,Long Card,,,https://static.wikia.nocookie.net/hotwheels/images/e/e4/%27ToonedMazdaRX-3.jpg/revision/latest
157/250,'64 Chevy Chevelle SS,'64 Chevy Chevelle SS,2024,Muscle Mania,Mainline,2/5,HTC58,,,,Chevrolet,Muscle Mania,1:64,Long Card,,,https://static.wikia.nocookie.net/hotwheels/images/3/30/Mainline_2024_%2764_Chevy_Chevelle_SS_Red_Malaysia_HTC58.jpg/revision/latest
158/250,Porsche 904 Carrera GTS,Porsche 904 Carrera GTS,2024,HW Exotics,Mainline,1/10,HRY73,,,,Porsche,HW Exotics,1:64,Long Card,,,https://static.wikia.nocookie.net/hotwheels/images/c/c2/Porsche904.jpg/revision/latest
159/250,Honda Super Cub Custom,Honda Super Cub Custom,2024,HW Metro,Mainline,7/10,HTF23,,,,Honda,HW Metro,1:64,Long Card,,,https://static.wikia.nocookie.net/hotwheels/images/b/bd/HondaMetroBike.jpg/revision/latest
160/250,Total Disposal,Total Disposal,2024,HW Metro,Mainline,8/10,HTB19,,,,Hot Wheels,HW Metro,1:64,Long Card,,,https://static.wikia.nocookie.net/hotwheels/images/7/70/1st_2024_Total_Disposal.jpeg/revision/latest
161/250,'70 Dodge Charger,'70 Dodge Charger,2024,Tooned,Mainline,1/5,HTB40,,,,Dodge,Tooned,1:64,Long Card,,,https://static.wikia.nocookie.net/hotwheels/images/4/4f/161_2024_SC_%2770_Dodge_Charger.jpg/revision/latest
162/250,Dessert Drifter,Dessert Drifter,2024,Fast Foodie,Mainline,2/5,HTB47,,,,Hot Wheels,Fast Foodie,1:64,Long Card,,,https://static.wikia.nocookie.net/hotwheels/images/9/9f/20240703_130555.png/revision/latest
163/250,Speed Bump,Speed Bump,2024,HW Art Cars New in Mainline,Mainline,9/10,HTB78,,,,Hot Wheels,HW Art Cars New in Mainline,1:64,Long Card,,,https://static.wikia.nocookie.net/hotwheels/images/e/e1/1st_2024_Speed_Bump.jpg/revision/latest
164/250,Mailed It!,Mailed It!,2024,HW Art Cars,Mainline,10/10,HRY82,,,,Hot Wheels,HW Art Cars,1:64,Long Card,,,https://static.wikia.nocookie.net/hotwheels/images/b/b9/MailedIt.jpg/revision/latest
165/250,McLaren P1,McLaren P1,2024,Quarter Mile Heroes,Mainline,1/5,HTB85,,,,McLaren,Quarter Mile Heroes,1:64,Long Card,,,https://static.wikia.nocookie.net/hotwheels/images/a/aa/2013McLarenP1.jpg/revision/latest
166/250,Later Crater,Later Crater,2024,HW Reverse Rake,Mainline,5/5,HRY75,,,,Hot Wheels,HW Reverse Rake,1:64,Long Card,,,https://static.wikia.nocookie.net/hotwheels/images/e/ee/LaterCrater.jpg/revision/latest
167/250,Duck N' Roll,Duck N' Roll,2024,Hot Wheels Let's Race,Mainline,5/5,HTC11,,,,Hot Wheels,Hot Wheels Let's Race,1:64,Long Card,,,https://static.wikia.nocookie.net/hotwheels/images/f/fa/Duck%27nRoll.jpg/revision/latest
168/250,Rink Racer,Rink Racer,2024,HW Ride-Ons,Mainline,5/5,HRY79,,,,Hot Wheels,HW Ride-Ons,1:64,Long Card,,,https://static.wikia.nocookie.net/hotwheels/images/a/ae/RinkRacer.jpg/revision/latest
169/250,Mitsubishi Pajero Evolution,Mitsubishi Pajero Evolution,2024,HW J-Imports,Mainline,8/10,HTC45,,,,Mitsubishi,HW J-Imports,1:64,Long Card,,,https://static.wikia.nocookie.net/hotwheels/images/e/ef/HTC45.jpg/revision/latest
170/250,'95 Mazda RX-7,'95 Mazda RX-7,2024,HW J-Imports,Mainline,9/10,HTC46,,,,Mazda,HW J-Imports,1:64,Long Card,,,https://static.wikia.nocookie.net/hotwheels/images/c/c5/MuRX-7.jpg/revision/latest
171/250,'69 Mercury Cougar Eliminator,'69 Mercury Cougar Eliminator,2024,Muscle Mania,Mainline,3/5,HTC59,,,,Hot Wheels,Muscle Mania,1:64,Long Card,,,https://static.wikia.nocookie.net/hotwheels/images/d/d2/1969_Mercury_Cougar.jpeg/revision/latest
172/250,Porsche 911 Rallye,Porsche 911 Rallye,2024,HW Turbo,Mainline,5/5,HRY70,,,,Porsche,HW Turbo,1:64,Long Card,,,https://static.wikia.nocookie.net/hotwheels/images/3/39/Porsche911Dakar.jpg/revision/latest
173/250,24/Seven,24/Seven,2024,HW Celebration Racers International Friendship Day,Mainline,9/10,HTB01,,,,Hot Wheels,HW Celebration Racers International Friendship Day,1:64,Long Card,,,https://static.wikia.nocookie.net/hotwheels/images/e/ef/HTB01.jpg/revision/latest
174/250,'96 Porsche Carrera,'96 Porsche Carrera,2024,HW: The '90s,Mainline,1/10,HTB03,,,,Porsche,HW: The '90s,1:64,Long Card,,,https://static.wikia.nocookie.net/hotwheels/images/0/00/1996PorscheCarrera.jpg/revision/latest
175/250,'90 Acura NSX,'90 Acura NSX,2024,HW: The '90s,Mainline,2/10,HTB04,,,,Hot Wheels,HW: The '90s,1:64,Long Card,,,https://static.wikia.nocookie.net/hotwheels/images/3/3c/1990AcuraNSX.jpg/revision/latest
176/250,Dragtor,Dragtor,2024,HW Metro,Mainline,9/10,HTB20,,,,Pontiac,HW Metro,1:64,Long Card,,,https://static.wikia.nocookie.net/hotwheels/images/e/e0/Mainline_2024_Dragtor_Pink_Malaysia_HTB20.jpg/revision/latest
177/250,Batman: The Animated Series,Batman: The Animated Series,2024,Batman,Mainline,5/5,HTB23,,,,DC Comics,Batman,1:64,Long Card,,,https://static.wikia.nocookie.net/hotwheels/images/d/de/20240804_101630_25%25.jpg/revision/latest
178/250,Mercedes-Benz Unimog 1300L,Mercedes-Benz Unimog 1300L,2024,HW Dirt,Mainline,1/10,HTB24,,,,Mercedes-Benz,HW Dirt,1:64,Long Card,,,https://static.wikia.nocookie.net/hotwheels/images/d/d9/Mainline_2024_Mercedes-Benz_Unimog_1300L_MF_Green_Malaysia_HTB24.jpg/revision/latest
179/250,Rally Speciale,Rally Speciale,2024,HW Dirt,Mainline,2/10,HTB25,,,,Hot Wheels,HW Dirt,1:64,Long Card,,,https://static.wikia.nocookie.net/hotwheels/images/c/c8/DirtSpeciale.jpg/revision/latest
180/250,Grumobile,Grumobile,2024,HW Screen Time,Mainline,10/10,HTB39,,,,Hot Wheels,HW Screen Time,1:64,Long Card,,,https://static.wikia.nocookie.net/hotwheels/images/9/98/HTB39.png/revision/latest
181/250,Shelby Cobra 427 S/C,Shelby Cobra 427 S/C,2024,HW Rolling Metal,Mainline,1/5,HTB53,,,,Shelby,HW Rolling Metal,1:64,Long Card,,,https://static.wikia.nocookie.net/hotwheels/images/4/4f/ShelbyCobra.jpg/revision/latest
182/250,Chrysler Pacifica,Chrysler Pacifica,2024,HW Vans,Mainline,1/5,HTB93,,,,Chrysler,HW Vans,1:64,Long Card,,,https://static.wikia.nocookie.net/hotwheels/images/9/99/HTB93.jpg/revision/latest
183/250,Bone Shaker,Bone Shaker,2024,HW Track Champs,Mainline,3/5,HTF24,,,,Hot Wheels,HW Track Champs,1:64,Long Card,,,https://static.wikia.nocookie.net/hotwheels/images/3/31/2024_Bone_Shaker.jpg/revision/latest
184/250,2020 Koenigsegg Jesko,2020 Koenigsegg Jesko,2024,HW Exotics,Mainline,2/10,HTC21,,,,Koenigsegg,HW Exotics,1:64,Long Card,,,https://static.wikia.nocookie.net/hotwheels/images/2/26/2020KoenigseggJesko.jpg/revision/latest
185/250,Bugatti Bolide,Bugatti Bolide,2024,HW Exotics,Mainline,3/10,HTC22,,,,Bugatti,HW Exotics,1:64,Long Card,,,https://static.wikia.nocookie.net/hotwheels/images/9/97/2024BugattiBolide.jpg/revision/latest
186/250,Bumblebee,Bumblebee,2024,HW Screen Time,Mainline,9/10,HTB35,,,,Hot Wheels,HW Screen Time,1:64,Long Card,,,https://static.wikia.nocookie.net/hotwheels/images/a/ab/Bumblebee.jpg/revision/latest
187/250,Kowloon'd Hypervan,Kowloon'd Hypervan,2024,HW Metro,Mainline,10/10,HRY84,,,,Hot Wheels,HW Metro,1:64,Long Card,,,https://static.wikia.nocookie.net/hotwheels/images/a/a0/Kowloon%27dHypervan.jpg/revision/latest
188/250,'67 Lotus Type 49,'67 Lotus Type 49,2024,HW Race Day,Mainline,8/10,HRY76,,,,Lotus,HW Race Day,1:64,Long Card,,,https://static.wikia.nocookie.net/hotwheels/images/f/f8/Lotus49.jpg/revision/latest
189/250,Track Dwagon,Track Dwagon,2024,HW Track Champs,Mainline,4/5,HRY74,,,,Hot Wheels,HW Track Champs,1:64,Long Card,,,https://static.wikia.nocookie.net/hotwheels/images/a/a0/TrackDwagon.jpg/revision/latest
190/250,1966 Triumph Tiger 100,1966 Triumph Tiger 100,2024,Factory Fresh,Mainline,10/10,HRY62,,,,Hot Wheels,Factory Fresh,1:64,Long Card,,,https://static.wikia.nocookie.net/hotwheels/images/b/b8/TriumphT100.jpg/revision/latest
191/250,Nissan Skyline 2000GT-R LBWK,Nissan Skyline 2000GT-R LBWK,2024,Then and Now,Mainline,1/10,HTC65,,,,Nissan,Then and Now,1:64,Long Card,,,https://static.wikia.nocookie.net/hotwheels/images/4/4c/2024_Nissan_Skyline_2000GT-R_LBWK.jpg/revision/latest
192/250,'84 Mustang SVO,'84 Mustang SVO,2024,Then and Now,Mainline,2/10,HTC66,,,,Ford,Then and Now,1:64,Long Card,,,https://static.wikia.nocookie.net/hotwheels/images/d/dd/2024_%2784_Mustang_SVO.jpg/revision/latest
193/250,Formula E Gen3,Formula E Gen3,2024,HW Race Day,Mainline,9/10,HRY66,,,,Hot Wheels,HW Race Day,1:64,Long Card,,,https://static.wikia.nocookie.net/hotwheels/images/0/09/FormulaEGen3.jpg/revision/latest
194/250,'92 Ford Mustang,'92 Ford Mustang,2024,HW: The '90s,Mainline,3/10,HTB05,,,,Ford,HW: The '90s,1:64,Long Card,,,https://static.wikia.nocookie.net/hotwheels/images/2/2b/HTB05loose.jpg/revision/latest
195/250,'92 BMW M3,'92 BMW M3,2024,HW: The '90s,Mainline,4/10,HTB06,,,,BMW,HW: The '90s,1:64,Long Card,,,https://static.wikia.nocookie.net/hotwheels/images/2/26/1992BMWM3.jpg/revision/latest
196/250,'22 Ford Maverick Custom,'22 Ford Maverick Custom,2024,HW Hot Trucks,Mainline,10/10,HRY78,,,,Ford,HW Hot Trucks,1:64,Long Card,,,https://static.wikia.nocookie.net/hotwheels/images/d/d7/FordMaverickPickup.jpg/revision/latest
197/250,Ducati DesertX,Ducati DesertX,2024,HW Dirt,Mainline,3/10,HTB26,,,,Hot Wheels,HW Dirt,1:64,Long Card,,,https://static.wikia.nocookie.net/hotwheels/images/f/fa/2024DucatiDesertX.jpg/revision/latest
198/250,'20 Toyota Tacoma,'20 Toyota Tacoma,2024,HW Dirt,Mainline,4/10,HTB27,,,,Toyota,HW Dirt,1:64,Long Card,,,https://static.wikia.nocookie.net/hotwheels/images/f/f3/2020ToyotaTacoma.jpg/revision/latest
199/250,Porsche 911 Turbo 3.6 (964),Porsche 911 Turbo 3.6 (964),2024,Tooned,Mainline,2/5,HTB41,,,,Porsche,Tooned,1:64,Long Card,,,https://static.wikia.nocookie.net/hotwheels/images/7/79/1993PorscheTurbo.jpg/revision/latest
200/250,Car-de-Asada,Car-de-Asada,2024,Fast Foodie,Mainline,3/5,HTF25,,,,Hot Wheels,Fast Foodie,1:64,Long Card,,,https://static.wikia.nocookie.net/hotwheels/images/e/e0/CarDeAsada.jpg/revision/latest
201/250,'16 Bugatti Chiron,'16 Bugatti Chiron,2024,Quarter Mile Heroes,Mainline,2/5,HTB88,,,,Bugatti,Quarter Mile Heroes,1:64,Long Card,,,https://static.wikia.nocookie.net/hotwheels/images/7/7b/2016BugattiChiron.jpg/revision/latest
202/250,Volkswagen ID. Buzz,Volkswagen ID. Buzz,2024,HW Vans,Mainline,2/5,HTB94,,,,Volkswagen,HW Vans,1:64,Long Card,,,https://static.wikia.nocookie.net/hotwheels/images/0/00/VWIDBuzz.jpg/revision/latest
203/250,Toyota GR86 Cup,Toyota GR86 Cup,2024,HW J-Imports,Mainline,10/10,HRY77,,,,Toyota,HW J-Imports,1:64,Long Card,,,https://static.wikia.nocookie.net/hotwheels/images/6/6e/ToyotaGR86Cup.jpg/revision/latest
204/250,Lamborghini Sesto Elemento,Lamborghini Sesto Elemento,2024,HW Exotics,Mainline,4/10,HTC23,,,,Lamborghini,HW Exotics,1:64,Long Card,,,https://static.wikia.nocookie.net/hotwheels/images/3/3f/LamborghiniSesto.jpg/revision/latest
205/250,Pagani Utopia,Pagani Utopia,2024,HW Exotics,Mainline,5/10,HRY83,,,,Pagani,HW Exotics,1:64,Long Card,,,https://static.wikia.nocookie.net/hotwheels/images/7/77/PaganiUtopia.jpg/revision/latest
206/250,'77 Pontiac Firebird T/A,'77 Pontiac Firebird T/A,2024,Muscle Mania,Mainline,4/5,HTC60,,,,Pontiac,Muscle Mania,1:64,Long Card,,,https://static.wikia.nocookie.net/hotwheels/images/3/36/1977PontiacFirebird.jpg/revision/latest
207/250,Chevy Silverado,Chevy Silverado,2024,Then and Now,Mainline,3/10,HTC67,,,,Chevrolet,Then and Now,1:64,Long Card,,,https://static.wikia.nocookie.net/hotwheels/images/e/e0/HTC67_-_Chevy_Silverado.jpg/revision/latest
208/250,Deora II,Deora II,2024,Then and Now,Mainline,4/10,HTC68,,,,Hot Wheels,Then and Now,1:64,Long Card,,,https://static.wikia.nocookie.net/hotwheels/images/0/00/TekuDeoraII.jpeg/revision/latest
209/250,Honda S800 Racing,Honda S800 Racing,2024,HW Race Day,Mainline,10/10,HRY58,,,,Honda,HW Race Day,1:64,Long Card,,,https://static.wikia.nocookie.net/hotwheels/images/9/9f/HondaS800Racing.jpg/revision/latest
210/250,'99 Ford F-150 SVT Lightning,'99 Ford F-150 SVT Lightning,2024,HW: The '90s,Mainline,5/10,HTB07,,,,Ford,HW: The '90s,1:64,Long Card,,,https://static.wikia.nocookie.net/hotwheels/images/9/90/Ford_F-150_SVT_Light-99_hw.jpg/revision/latest
211/250,'96 Nissan 180SX Type X,'96 Nissan 180SX Type X,2024,HW: The '90s,Mainline,6/10,HTB08,,,,Nissan,HW: The '90s,1:64,Long Card,,,https://static.wikia.nocookie.net/hotwheels/images/a/a8/HTB08-LOOSE.jpg/revision/latest
212/250,Dune Daddy,Dune Daddy,2024,HW Dirt,Mainline,5/10,HTB28,,,,Hot Wheels,HW Dirt,1:64,Long Card,,,https://static.wikia.nocookie.net/hotwheels/images/b/bd/DirtDaddy.jpg/revision/latest
213/250,Nissan Skyline 2000GT-R LBWK,Nissan Skyline 2000GT-R LBWK,2024,Tooned,Mainline,3/5,HRY85,,,,Nissan,Tooned,1:64,Long Card,,,https://static.wikia.nocookie.net/hotwheels/images/0/03/%27ToonedKenmeri.jpg/revision/latest
214/250,Quick Bite,Quick Bite,2024,Fast Foodie,Mainline,4/5,HTB48,,,,Hot Wheels,Fast Foodie,1:64,Long Card,,,https://static.wikia.nocookie.net/hotwheels/images/e/e2/MilkBite.jpg/revision/latest
215/250,'49 Drag Merc,'49 Drag Merc,2024,HW Rolling Metal,Mainline,2/5,HTB54,,,,Hot Wheels,HW Rolling Metal,1:64,Long Card,,,https://static.wikia.nocookie.net/hotwheels/images/2/28/1949MercuryEight.jpg/revision/latest
216/250,Hot Wheels Ford Transit Connect,Hot Wheels Ford Transit Connect,2024,HW Vans,Mainline,3/5,HTF26,,,,Ford,HW Vans,1:64,Long Card,,,https://static.wikia.nocookie.net/hotwheels/images/f/f3/FordTransitFlowerVan.jpg/revision/latest
217/250,Ravenger S/T,Ravenger S/T,2024,HW Track Champs,Mainline,5/5,HRY81,,,,Hot Wheels,HW Track Champs,1:64,Long Card,,,https://static.wikia.nocookie.net/hotwheels/images/c/c1/RavengerST.jpg/revision/latest
218/250,'92 Dodge Viper RT/10,'92 Dodge Viper RT/10,2024,HW Exotics,Mainline,6/10,HTC24,,,,Dodge,HW Exotics,1:64,Long Card,,,https://static.wikia.nocookie.net/hotwheels/images/d/d1/1992DodgeViper.jpg/revision/latest
219/250,Aston Martin DB4GT High-Speed Edition,Aston Martin DB4GT High-Speed Edition,2024,Muscle Mania,Mainline,5/5,HRY86,,,,Aston Martin,Muscle Mania,1:64,Long Card,,,https://static.wikia.nocookie.net/hotwheels/images/e/eb/AstonMartinDB4Racer.jpg/revision/latest
220/250,'67 Ford GT40 Mk.IV,'67 Ford GT40 Mk.IV,2024,Then and Now,Mainline,5/10,HTC69,,,,Ford,Then and Now,1:64,Long Card,,,https://static.wikia.nocookie.net/hotwheels/images/4/45/FordMark4.jpg/revision/latest
221/250,Deora III,Deora III,2024,Then and Now,Mainline,6/10,HTC70,,,,Hot Wheels,Then and Now,1:64,Long Card,,,https://static.wikia.nocookie.net/hotwheels/images/9/9e/24DeoraIII.jpeg/revision/latest
222/250,Lamborghini Huracán Sterrato,Lamborghini Huracán Sterrato,2024,HW Dirt,Mainline,6/10,HRY87,,,,Lamborghini,HW Dirt,1:64,Long Card,,,https://static.wikia.nocookie.net/hotwheels/images/1/1f/LamborghiniHurac%C3%A1nSterrato.jpg/revision/latest
223/250,Hover Storm,Hover Storm,2024,HW Dirt,Mainline,7/10,HTB29,,,,Hot Wheels,HW Dirt,1:64,Long Card,,,https://static.wikia.nocookie.net/hotwheels/images/c/cd/2024_Hover_Storm.jpeg/revision/latest
224/250,'94 Toyota Supra,'94 Toyota Supra,2024,Tooned,Mainline,4/5,HTF27,,,,Toyota,Tooned,1:64,Long Card,,,https://static.wikia.nocookie.net/hotwheels/images/1/10/%27ToonedSlapJackSupra.jpg/revision/latest
225/250,Sushi Tuner,Sushi Tuner,2024,Fast Foodie,Mainline,5/5,HRY88,,,,Hot Wheels,Fast Foodie,1:64,Long Card,,,https://static.wikia.nocookie.net/hotwheels/images/5/5c/SushiTuner.jpg/revision/latest
226/250,'91 GMC Syclone,'91 GMC Syclone,2024,HW: The '90s,Mainline,7/10,HTB10,,,,Hot Wheels,HW: The '90s,1:64,Long Card,,,https://static.wikia.nocookie.net/hotwheels/images/6/69/Chevy_Syclone_%28HW_The_%2890s%29._White.jpg/revision/latest
227/250,VW T3 Custom,VW T3 Custom,2024,HW Vans,Mainline,4/5,HRY57,,,,Volkswagen,HW Vans,1:64,Long Card,,,https://static.wikia.nocookie.net/hotwheels/images/3/37/VWT3Custom.jpg/revision/latest
228/250,Small Bloc,Small Bloc,2024,Tooned,Mainline,5/5,HRY92,,,,Hot Wheels,Tooned,1:64,Long Card,,,https://static.wikia.nocookie.net/hotwheels/images/9/90/SmallBloc.jpg/revision/latest
229/250,2016 Ford GT Race,2016 Ford GT Race,2024,Then and Now,Mainline,7/10,HTC71,,,,Ford,Then and Now,1:64,Long Card,,,https://static.wikia.nocookie.net/hotwheels/images/3/32/HTC71.jpg/revision/latest
230/250,'59 Chevy Impala,'59 Chevy Impala,2024,HW Celebration Racers Day of the Dead/Halloween,Mainline,10/10,HTB02,,,,Chevrolet,HW Celebration Racers Day of the Dead/Halloween,1:64,Long Card,,,https://static.wikia.nocookie.net/hotwheels/images/8/89/CelebrationImpala.jpg/revision/latest
231/250,Celero GT,Celero GT,2024,Quarter Mile Heroes,Mainline,3/5,HTB87,,,,Hot Wheels,Quarter Mile Heroes,1:64,Long Card,,,https://static.wikia.nocookie.net/hotwheels/images/6/61/CeleroGTRacer.jpg/revision/latest
232/250,Toyota Supra,Toyota Supra,2024,HW: The '90s,Mainline,8/10,HTB09,,,,Toyota,HW: The '90s,1:64,Long Card,,,https://static.wikia.nocookie.net/hotwheels/images/4/43/1994ToyotaSupraRZ.jpg/revision/latest
233/250,HW Roll Cage,HW Roll Cage,2024,HW Dirt,Mainline,8/10,HTB30,,,,Hot Wheels,HW Dirt,1:64,Long Card,,,https://static.wikia.nocookie.net/hotwheels/images/3/3f/2024_Roll_Cage.jpg/revision/latest
234/250,Tred Shredder,Tred Shredder,2024,HW Dirt,Mainline,9/10,HTB31,,,,Hot Wheels,HW Dirt,1:64,Long Card,,,https://static.wikia.nocookie.net/hotwheels/images/c/cf/2024_Tred_Shredder.jpg/revision/latest
235/250,Gordon Murray Automotive T.50s,Gordon Murray Automotive T.50s,2024,HW Exotics,Mainline,7/10,HRY89,,,,Hot Wheels,HW Exotics,1:64,Long Card,,,https://static.wikia.nocookie.net/hotwheels/images/e/ec/GMAT.50S.jpg/revision/latest
236/250,DMC DeLorean,DMC DeLorean,2024,HW Rolling Metal,Mainline,3/5,HTF28,,,,Hot Wheels,HW Rolling Metal,1:64,Long Card,,,https://static.wikia.nocookie.net/hotwheels/images/4/48/RollingDeLorean.jpg/revision/latest
237/250,Retro-Active,Retro-Active,2024,Quarter Mile Heroes,Mainline,4/5,HTB86,,,,Hot Wheels,Quarter Mile Heroes,1:64,Long Card,,,https://static.wikia.nocookie.net/hotwheels/images/c/cc/2024_Retro-Active.jpg/revision/latest
238/250,Tesla Model S Plaid,Tesla Model S Plaid,2024,Quarter Mile Heroes,Mainline,5/5,HRY91,,,,Tesla,Quarter Mile Heroes,1:64,Long Card,,,https://static.wikia.nocookie.net/hotwheels/images/e/eb/TeslaModelSPlaid.jpg/revision/latest
239/250,Lamborghini Huracán LP 620-2 Super Trofeo,Lamborghini Huracán LP 620-2 Super Trofeo,2024,HW Exotics,Mainline,8/10,HTC25,,,,Lamborghini,HW Exotics,1:64,Long Card,,,https://static.wikia.nocookie.net/hotwheels/images/0/0d/LamborghiniHurac%C3%A1nST.jpg/revision/latest
240/250,'17 Ford GT,'17 Ford GT,2024,HW Exotics,Mainline,9/10,HTC26,,,,Ford,HW Exotics,1:64,Long Card,,,https://static.wikia.nocookie.net/hotwheels/images/1/10/2017FordGTCoupe.jpg/revision/latest
241/250,Dodge Viper SRT10 ACR,Dodge Viper SRT10 ACR,2024,HW Exotics,Mainline,10/10,HTC27,,,,Dodge,HW Exotics,1:64,Long Card,,,https://static.wikia.nocookie.net/hotwheels/images/d/d4/DodgeACR.jpg/revision/latest
242/250,LB-Silhouette WORKS GT Nissan 35GT-RR VER.2,LB-Silhouette WORKS GT Nissan 35GT-RR VER.2,2024,Then and Now,Mainline,8/10,HTC72,,,,Nissan,Then and Now,1:64,Long Card,,,https://static.wikia.nocookie.net/hotwheels/images/d/d8/LBGT-R.jpg/revision/latest
243/250,McLaren F1,McLaren F1,2024,HW: The '90s,Mainline,9/10,HTB11,,,,McLaren,HW: The '90s,1:64,Long Card,,,https://static.wikia.nocookie.net/hotwheels/images/a/a2/1996McLarenF1.jpg/revision/latest
244/250,'98 Subaru Impreza 22B STi-Version,'98 Subaru Impreza 22B STi-Version,2024,HW: The '90s,Mainline,10/10,HTB12,,,,Subaru,HW: The '90s,1:64,Long Card,,,https://static.wikia.nocookie.net/hotwheels/images/3/34/GravelCrew22B.jpg/revision/latest
245/250,Porsche 928S Safari,Porsche 928S Safari,2024,HW Dirt,Mainline,10/10,HTF29,,,,Porsche,HW Dirt,1:64,Long Card,,,https://static.wikia.nocookie.net/hotwheels/images/2/24/1977Porsche928Safari.jpg/revision/latest
246/250,Tesla Cybertruck,Tesla Cybertruck,2024,HW Rolling Metal,Mainline,4/5,HTB55,,,,Tesla,HW Rolling Metal,1:64,Long Card,,,https://static.wikia.nocookie.net/hotwheels/images/9/95/HTB55.jpg/revision/latest
247/250,Hi-Roller II,Hi-Roller II,2024,HW Rolling Metal,Mainline,5/5,HRY94,,,,Hot Wheels,HW Rolling Metal,1:64,Long Card,,,https://static.wikia.nocookie.net/hotwheels/images/4/42/Hi-RollerII.jpg/revision/latest
248/250,Dodge Van,Dodge Van,2024,HW Vans,Mainline,5/5,HTB95,,,,Dodge,HW Vans,1:64,Long Card,,,https://static.wikia.nocookie.net/hotwheels/images/7/7f/DodgeRamVanRacing.jpg/revision/latest
249/250,'83 Chevy Silverado,'83 Chevy Silverado,2024,Then and Now,Mainline,9/10,HTC73,,,,Chevrolet,Then and Now,1:64,Long Card,,,https://static.wikia.nocookie.net/hotwheels/images/6/6e/1983ChevroletSilverado.jpg/revision/latest
250/250,Ford Mustang Dark Horse,Ford Mustang Dark Horse,2024,Then and Now,Mainline,10/10,HRY93,,,,Ford,Then and Now,1:64,Long Card,,,https://static.wikia.nocookie.net/hotwheels/images/5/57/FordMustangDarkHorse.jpg/revision/latest